{
  "description": "95% bootstrap CIs for seed-level CV(FPR) deltas, Regime A sensitivity. Delta > 0 means first variant has higher CV(FPR) than B2. No retraining. Score artifacts reused.",
  "q": 0.95,
  "n_min": 100,
  "n_bootstrap": 10000,
  "bootstrap_seed": 42,
  "b1_main_minus_b2": {
    "seed_deltas": [
      0.6980022081987904,
      0.7653649897468784,
      0.7720766545004663,
      0.7668667628581334,
      0.5876532121857541
    ],
    "mean_delta": 0.7179927654980045,
    "ci_lo": 0.6466076998513037,
    "ci_hi": 0.7686503648928156
  },
  "b1_pooled_minus_b2": {
    "seed_deltas": [
      0.46640342005187946,
      0.5074888555859565,
      0.519363391659206,
      0.6235278024415037,
      0.4111561733120393
    ],
    "mean_delta": 0.505587928610117,
    "ci_lo": 0.44968924622160616,
    "ci_hi": 0.5712700438071193
  },
  "b1_weighted_minus_b2": {
    "seed_deltas": [
      0.5778039228138521,
      0.7020276814248867,
      0.6459767869787229,
      0.6468015146526884,
      0.46503708478588784
    ],
    "mean_delta": 0.6075293981312075,
    "ci_lo": 0.5349885717192804,
    "ci_hi": 0.6687270358267746
  }
}