seed,tau_pooled,tau_weighted,tau_b1_main,cv_fpr_pooled,cv_fpr_weighted,cv_fpr_b1_main,cv_fpr_b2_main,iqr_fpr_pooled,iqr_fpr_weighted,maxmin_fpr_pooled,maxmin_fpr_weighted,std_fpr_pooled,std_fpr_weighted,worst_ba_pooled,worst_ba_weighted,p10_mf1_pooled,p10_mf1_weighted,delta_pooled_minus_b2,delta_weighted_minus_b2
0,0.2658469498157501,0.3317793011112091,0.41798622103200944,0.8132324793682094,0.924632982130182,1.0448312675151203,0.34682905931632996,0.07332040852407995,0.04012973886969008,0.13085169872996588,0.1341735382924986,0.04926089393904244,0.0441063963554667,0.6609593451334619,0.6610272274871215,0.4321335804721522,0.43221002694904687,0.46640342005187946,0.5778039228138521
1,0.2441078335046767,0.37874011218899784,0.46882301717996605,0.7586741299498472,0.9532129557887774,1.016550264110769,0.25118527436389065,0.08841349261056117,0.03272144298794068,0.12958485157196234,0.12828122876047152,0.049009122990571106,0.04332743131696355,0.6608172593136267,0.6291100172314675,0.43344316125325894,0.29753904778650275,0.5074888555859565,0.7020276814248867
2,0.3007617652416229,0.4101374484130288,0.5285388797521582,0.7618832942601188,0.8884966895796357,1.014596557101379,0.24251990260091283,0.08456736931179837,0.04118546683083233,0.12370322267934974,0.12973783221975818,0.05058464977664081,0.04245706596984285,0.6608156790354978,0.6610982703970392,0.43325621649580726,0.4323602733715689,0.519363391659206,0.6459767869787229
3,0.28478869795799255,0.3599673987466113,0.4694565299484461,0.8748433714703264,0.8981170836815111,1.018182331886956,0.2513155690288227,0.09164450470763558,0.07766896041259168,0.15530708780190747,0.12442707354173352,0.05864307782884564,0.043976766250254956,0.6610240669308636,0.6610209063746058,0.43356297988801173,0.4336885671067584,0.6235278024415037,0.6468015146526884
4,0.2562634408473965,0.3270903554806376,0.4166484793855083,0.8154860931675479,0.8693670046413965,0.9919831320412626,0.40432991985550865,0.08180237950489652,0.05808630511978749,0.12967533854728452,0.1286260163357048,0.05316252168781018,0.04381351741966127,0.6608188395917556,0.6610272274871215,0.4335639565682168,0.4337816443003294,0.4111561733120393,0.46503708478588784
