{
  "description": "Summary of shared-threshold sensitivity analysis, Regime A. All variants derived from same saved score artifacts. No retraining.",
  "regime": "a",
  "seeds": [
    0,
    1,
    2,
    3,
    4
  ],
  "q": 0.95,
  "n_min": 100,
  "variants": {
    "B1_main_client_averaged": {
      "cv_fpr_mean": 1.0172287105310975,
      "cv_fpr_std": 0.01875858670220004,
      "note": "Pre-specified main baseline. Arithmetic mean of eligible local p95 thresholds."
    },
    "B1_pooled": {
      "cv_fpr_mean": 0.8048238736432098,
      "cv_fpr_std": 0.04759414315885902,
      "iqr_fpr_mean": 0.08394963093179433,
      "maxmin_fpr_mean": 0.133824439866094,
      "delta_vs_b2_mean": 0.505587928610117,
      "delta_vs_b2_ci_lo": 0.44968924622160616,
      "delta_vs_b2_ci_hi": 0.5712700438071193,
      "note": "Global 95th-pct of all pooled eligible calibration errors."
    },
    "B1_weighted": {
      "cv_fpr_mean": 0.9067653431643006,
      "cv_fpr_std": 0.032725391750445185,
      "iqr_fpr_mean": 0.04995838284416845,
      "maxmin_fpr_mean": 0.12904913783003333,
      "delta_vs_b2_mean": 0.6075293981312075,
      "delta_vs_b2_ci_lo": 0.5349885717192804,
      "delta_vs_b2_ci_hi": 0.6687270358267746,
      "note": "Weighted mean of per-client p95 thresholds (weights = cal sample counts)."
    },
    "B2_per_client": {
      "cv_fpr_mean": 0.2992359450330929,
      "cv_fpr_std": 0.07268388220312574,
      "note": "Per-client calibration. From main metrics.json."
    }
  }
}