{
  "heterogeneity_context_check": {
    "b1_cv_fpr_iid_mean": 0.07395507566683393,
    "b1_cv_fpr_regime_a_mean": 1.0172287105310975,
    "condition": "Regime C and IID comparisons are heterogeneity context/support checks, not the confirmatory endpoint.",
    "context_result": "CONTEXT_SUPPORTS_HETEROGENEITY",
    "iid_data_available": true,
    "natural_minus_iid": 0.9432736348642636,
    "note": "Primary endpoint: Regime A, B1 vs B2, CV(FPR), per-seed bootstrap CI. Regime C and IID comparisons are heterogeneity context/support checks, not the confirmatory endpoint.",
    "practical_significance_met": true,
    "practical_significance_threshold": 0.1,
    "primary_endpoint_ci_excludes_zero": true
  },
  "primary_endpoint": {
    "ci": 0.95,
    "ci_lower": 0.6466076998513037,
    "ci_upper": 0.7686503648928156,
    "condition": "Primary endpoint: Regime A, B1 vs B2, CV(FPR), per-seed bootstrap CI.",
    "excludes_zero": true,
    "mean_delta": 0.7179927654980045,
    "n_bootstrap": 10000,
    "n_seeds": 5,
    "per_seed_deltas": [
      0.6980022081987904,
      0.7653649897468784,
      0.7720766545004663,
      0.7668667628581334,
      0.5876532121857541
    ]
  },
  "regime_c": {
    "0.1": {
      "b1_vs_b2": {
        "ci": 0.95,
        "ci_lower": 0.5466634933177221,
        "ci_upper": 0.7427545941120481,
        "excludes_zero": true,
        "mean_delta": 0.6447090437148851,
        "n_bootstrap": 10000,
        "n_seeds": 5,
        "per_seed_deltas": [
          0.578321417936493,
          0.5422503708050969,
          0.7856422137519845,
          0.5352476535209618,
          0.7820835625598895
        ]
      },
      "b1_vs_b4": {
        "ci": 0.95,
        "ci_lower": 0.10523817850549125,
        "ci_upper": 0.4085064049290503,
        "excludes_zero": true,
        "mean_delta": 0.247967351365441,
        "n_bootstrap": 10000,
        "n_seeds": 5,
        "per_seed_deltas": [
          0.025603640595071364,
          0.20485026966319925,
          0.3577415866937188,
          0.13506667083705715,
          0.5165745890381586
        ]
      },
      "cliffs_delta_b1_vs_b2": {
        "delta": -0.22188671386922115,
        "magnitude": "small"
      },
      "paired_client_fpr_policy": "eligible-client intersection within each seed, pooled across seeds",
      "wilcoxon_b1_vs_b2": {
        "n": 98,
        "p_value": 0.04720836057552556,
        "statistic": 1825.0
      }
    },
    "0.3": {
      "b1_vs_b2": {
        "ci": 0.95,
        "ci_lower": 0.5113765246152382,
        "ci_upper": 0.8327217130643192,
        "excludes_zero": true,
        "mean_delta": 0.6767972682111544,
        "n_bootstrap": 10000,
        "n_seeds": 5,
        "per_seed_deltas": [
          0.8002385125467026,
          0.497465006357086,
          0.8965750861336743,
          0.7699813679608416,
          0.4197263680574674
        ]
      },
      "b1_vs_b4": {
        "ci": 0.95,
        "ci_lower": 0.06473011617867801,
        "ci_upper": 0.4208738711492484,
        "excludes_zero": true,
        "mean_delta": 0.2322015718938585,
        "n_bootstrap": 10000,
        "n_seeds": 5,
        "per_seed_deltas": [
          0.005330326611777569,
          0.1448640316109372,
          0.546777927249832,
          0.37997262596729703,
          0.08406294802944886
        ]
      },
      "cliffs_delta_b1_vs_b2": {
        "delta": -0.2448,
        "magnitude": "small"
      },
      "paired_client_fpr_policy": "eligible-client intersection within each seed, pooled across seeds",
      "wilcoxon_b1_vs_b2": {
        "n": 100,
        "p_value": 0.09746437944586564,
        "statistic": 2043.0
      }
    },
    "0.5": {
      "b1_vs_b2": {
        "ci": 0.95,
        "ci_lower": 0.35757169330287997,
        "ci_upper": 0.6808182541480134,
        "excludes_zero": true,
        "mean_delta": 0.5191949737254468,
        "n_bootstrap": 10000,
        "n_seeds": 5,
        "per_seed_deltas": [
          0.4002726754189632,
          0.6709777503083416,
          0.776975514267325,
          0.5081847415887338,
          0.23956418704386984
        ]
      },
      "b1_vs_b4": {
        "ci": 0.95,
        "ci_lower": 0.05062813839677079,
        "ci_upper": 0.34950736222110945,
        "excludes_zero": true,
        "mean_delta": 0.20006775030894014,
        "n_bootstrap": 10000,
        "n_seeds": 5,
        "per_seed_deltas": [
          0.027367874004490034,
          0.3963966786024861,
          0.38179901502419555,
          0.19114542385218408,
          0.003629760061344911
        ]
      },
      "cliffs_delta_b1_vs_b2": {
        "delta": -0.1729,
        "magnitude": "small"
      },
      "paired_client_fpr_policy": "eligible-client intersection within each seed, pooled across seeds",
      "wilcoxon_b1_vs_b2": {
        "n": 100,
        "p_value": 0.09524457857625068,
        "statistic": 1997.0
      }
    },
    "1": {
      "b1_vs_b2": {
        "ci": 0.95,
        "ci_lower": 0.33470535490149833,
        "ci_upper": 0.5267737680415777,
        "excludes_zero": true,
        "mean_delta": 0.4480451048792172,
        "n_bootstrap": 10000,
        "n_seeds": 5,
        "per_seed_deltas": [
          0.48048600304620287,
          0.4577456401497026,
          0.5652123990039943,
          0.49926322605782486,
          0.23751825613836197
        ]
      },
      "b1_vs_b4": {
        "ci": 0.95,
        "ci_lower": 0.05516771142419512,
        "ci_upper": 0.18113605957374262,
        "excludes_zero": true,
        "mean_delta": 0.11822403519939048,
        "n_bootstrap": 10000,
        "n_seeds": 5,
        "per_seed_deltas": [
          0.05180271687866733,
          0.13216500244424217,
          0.24057085951526785,
          0.13785447561700848,
          0.028727121541766598
        ]
      },
      "cliffs_delta_b1_vs_b2": {
        "delta": -0.2666,
        "magnitude": "small"
      },
      "paired_client_fpr_policy": "eligible-client intersection within each seed, pooled across seeds",
      "wilcoxon_b1_vs_b2": {
        "n": 100,
        "p_value": 0.08189548258825208,
        "statistic": 2019.0
      }
    },
    "10": {
      "b1_vs_b2": {
        "ci": 0.95,
        "ci_lower": 0.024553361737536954,
        "ci_upper": 0.10108666032247413,
        "excludes_zero": true,
        "mean_delta": 0.06282001103000555,
        "n_bootstrap": 10000,
        "n_seeds": 5,
        "per_seed_deltas": [
          0.10497983716525816,
          0.12249261825270824,
          0.05048839077643788,
          0.005802528110885871,
          0.030336680844737576
        ]
      },
      "b1_vs_b4": {
        "ci": 0.95,
        "ci_lower": -0.0023876850724935507,
        "ci_upper": 0.10068043818814858,
        "excludes_zero": false,
        "mean_delta": 0.041595813760714744,
        "n_bootstrap": 10000,
        "n_seeds": 5,
        "per_seed_deltas": [
          0.06468709023166522,
          0.1485212307550417,
          0.001479920996201367,
          -0.006848591556047473,
          0.00013941837671291313
        ]
      },
      "cliffs_delta_b1_vs_b2": {
        "delta": -0.0813,
        "magnitude": "negligible"
      },
      "paired_client_fpr_policy": "eligible-client intersection within each seed, pooled across seeds",
      "wilcoxon_b1_vs_b2": {
        "n": 100,
        "p_value": 0.27064295775750613,
        "statistic": 1898.0
      }
    },
    "iid": {
      "b1_vs_b2": {
        "ci": 0.95,
        "ci_lower": -0.031034509139814738,
        "ci_upper": -0.021102736547228416,
        "excludes_zero": true,
        "mean_delta": -0.02606862284352157,
        "n_bootstrap": 10000,
        "n_seeds": 5,
        "per_seed_deltas": [
          -0.019654587845074498,
          -0.03178838627827296,
          -0.028292130067589363,
          -0.01895618848920186,
          -0.03165182153746919
        ]
      },
      "b1_vs_b4": {
        "ci": 0.95,
        "ci_lower": -0.0028422474980197205,